{
  "TER": {
    "OXT": {
      "lower": 28.619635830419348,
      "upper": 30.347211000602993
    },
    "OT1": {
      "lower": 28.619635830419348,
      "upper": 30.347211000602993
    },
    "OT2": {
      "lower": 28.619635830419348,
      "upper": 30.347211000602993
    }
  },
  "ALA": {
    "CA": {
      "lower": 6.482448618761871,
      "upper": 4.991709302300992
    },
    "C": {
      "lower": 1.0144324248251708,
      "upper": 0.842874001517244
    },
    "N": {
      "lower": 2.12967063655024,
      "upper": 5.834774857046812
    },
    "CB": {
      "lower": 43.49763341069481,
      "upper": 58.21142185020031
    },
    "O": {
      "lower": 11.10072170547817,
      "upper": 26.617207086086275
    }
  },
  "ARG": {
    "C": {
      "lower": 0.9249544198123308,
      "upper": 0.3570206231939105
    },
    "NE": {
      "lower": 10.205959550930425,
      "upper": 11.33577454210175
    },
    "O": {
      "lower": 11.533523105084896,
      "upper": 24.20247553747434
    },
    "N": {
      "lower": 1.749154204932543,
      "upper": 5.843963477760553
    },
    "NH1": {
      "lower": 38.15356177148096,
      "upper": 42.25142558547558
    },
    "CG": {
      "lower": 14.799422039730208,
      "upper": 16.393786361813547
    },
    "CB": {
      "lower": 11.592969864892048,
      "upper": 16.62130691218034
    },
    "CA": {
      "lower": 4.127064173038189,
      "upper": 2.9756500997508946
    },
    "NH2": {
      "lower": 42.60294758765053,
      "upper": 47.1125327560574
    },
    "CZ": {
      "lower": 5.950533547813858,
      "upper": 6.695076193289734
    },
    "CD": {
      "lower": 23.58812652266986,
      "upper": 25.552865192505987
    }
  },
  "ASN": {
    "CA": {
      "lower": 4.213138054422781,
      "upper": 2.7976817476506137
    },
    "C": {
      "lower": 1.0228483325161901,
      "upper": 0.2667575115147902
    },
    "N": {
      "lower": 1.8655033535799201,
      "upper": 5.582622966241269
    },
    "ND2": {
      "lower": 36.66562983569865,
      "upper": 41.052662370172705
    },
    "OD1": {
      "lower": 23.094030706463634,
      "upper": 23.313609578319497
    },
    "CG": {
      "lower": 5.168280323212211,
      "upper": 7.277985259689189
    },
    "CB": {
      "lower": 17.70211253848833,
      "upper": 22.77260274289025
    },
    "O": {
      "lower": 11.813113090537843,
      "upper": 25.155145948435983
    }
  },
  "ASP": {
    "CA": {
      "lower": 4.41393128714046,
      "upper": 3.0394395081578076
    },
    "C": {
      "lower": 0.9803338520027496,
      "upper": 0.40471891088260187
    },
    "N": {
      "lower": 2.106388618374193,
      "upper": 5.853259225954881
    },
    "OD1": {
      "lower": 25.34402205847405,
      "upper": 26.200709496317682
    },
    "CG": {
      "lower": 7.716817126926538,
      "upper": 11.01683281531205
    },
    "OD2": {
      "lower": 25.371980475412833,
      "upper": 27.408195727580303
    },
    "CB": {
      "lower": 19.90060962186348,
      "upper": 24.54890118752207
    },
    "O": {
      "lower": 11.883900816376144,
      "upper": 25.297600697504507
    }
  },
  "CYS": {
    "SG": {
      "lower": 29.97778976008408,
      "upper": 37.900922875655326
    },
    "CA": {
      "lower": 5.614555163266964,
      "upper": 4.318124981078887
    },
    "C": {
      "lower": 0.950850131704395,
      "upper": 0.5767753766219419
    },
    "N": {
      "lower": 2.4592387258334267,
      "upper": 5.914452088506598
    },
    "CB": {
      "lower": 24.54283252336029,
      "upper": 32.71649753464792
    },
    "O": {
      "lower": 11.90605650718947,
      "upper": 26.826415943920164
    }
  },
  "GLN": {
    "CD": {
      "lower": 5.963331239974552,
      "upper": 7.092033991230977
    },
    "CA": {
      "lower": 3.855142558433793,
      "upper": 2.8829553135416726
    },
    "C": {
      "lower": 0.9658516497097233,
      "upper": 0.3954755911095576
    },
    "N": {
      "lower": 1.514558952098543,
      "upper": 5.969568674740466
    },
    "OE1": {
      "lower": 28.892077187251616,
      "upper": 30.705599846861286
    },
    "CG": {
      "lower": 17.081604135677953,
      "upper": 20.58412633669216
    },
    "CB": {
      "lower": 11.545355065106266,
      "upper": 17.350889664025328
    },
    "NE2": {
      "lower": 37.62210199971905,
      "upper": 41.432321325946816
    },
    "O": {
      "lower": 11.425200879573822,
      "upper": 24.399431230263275
    }
  },
  "GLU": {
    "CD": {
      "lower": 9.309998977531507,
      "upper": 11.077137986674279
    },
    "CA": {
      "lower": 4.457348888343381,
      "upper": 2.912225470139134
    },
    "C": {
      "lower": 0.7210197395374698,
      "upper": 0.44984674612360614
    },
    "N": {
      "lower": 1.8818991249126773,
      "upper": 5.8176438404667765
    },
    "OE1": {
      "lower": 29.70418657338349,
      "upper": 31.927610580203602
    },
    "OE2": {
      "lower": 28.619635830419348,
      "upper": 30.347211000602993
    },
    "CG": {
      "lower": 18.920521853143168,
      "upper": 21.832747360967822
    },
    "CB": {
      "lower": 14.495540520356547,
      "upper": 18.435009019221027
    },
    "O": {
      "lower": 12.036387233195766,
      "upper": 24.29062194093581
    }
  },
  "GLY": {
    "CA": {
      "lower": 29.010486896118422,
      "upper": 31.726155973998797
    },
    "C": {
      "lower": 2.766138631948148,
      "upper": 3.684513194842285
    },
    "N": {
      "lower": 5.011768642017681,
      "upper": 9.199498701687162
    },
    "O": {
      "lower": 17.429978468221673,
      "upper": 30.112374026230658
    }
  },
  "HIS": {
    "CD2": {
      "lower": 17.914755966540042,
      "upper": 27.020029143629404
    },
    "CE1": {
      "lower": 33.26712203724631,
      "upper": 27.6302023675935
    },
    "CA": {
      "lower": 3.480008241225933,
      "upper": 2.28904781485426
    },
    "C": {
      "lower": 0.8484958575717334,
      "upper": 0.46143300738827936
    },
    "N": {
      "lower": 1.39535245217126,
      "upper": 5.9286836679639485
    },
    "ND1": {
      "lower": 13.185455006258241,
      "upper": 15.685200819475897
    },
    "CG": {
      "lower": 2.315616166899944,
      "upper": 2.8531095578752717
    },
    "CB": {
      "lower": 14.158589340489486,
      "upper": 23.329348917048552
    },
    "NE2": {
      "lower": 21.823500250947887,
      "upper": 21.12895268201828
    },
    "O": {
      "lower": 9.667529404574427,
      "upper": 23.743463115034434
    }
  },
  "ILE": {
    "CA": {
      "lower": 2.7798928314545117,
      "upper": 2.296809631097512
    },
    "C": {
      "lower": 0.4676674648386533,
      "upper": 0.47489943084169606
    },
    "N": {
      "lower": 1.766244590771003,
      "upper": 4.900120253054822
    },
    "CG1": {
      "lower": 14.925366730181898,
      "upper": 15.598912845674109
    },
    "CB": {
      "lower": 3.895832373568269,
      "upper": 7.029813052787155
    },
    "CG2": {
      "lower": 32.0358626111609,
      "upper": 39.818004212613964
    },
    "CD1": {
      "lower": 46.62532199757998,
      "upper": 54.971060582457994
    },
    "CD": {
      "lower": 46.62532199757998,
      "upper": 54.971060582457994
    },
    "O": {
      "lower": 11.628323220034115,
      "upper": 23.360316440707347
    }
  },
  "LEU": {
    "CD2": {
      "lower": 41.843259914579065,
      "upper": 35.99772017467981
    },
    "CA": {
      "lower": 1.9302606908259567,
      "upper": 2.3972395337704153
    },
    "C": {
      "lower": 0.8021944868895743,
      "upper": 0.41981889335093675
    },
    "N": {
      "lower": 1.872864821822279,
      "upper": 5.535636056559505
    },
    "CG": {
      "lower": 3.412537232764048,
      "upper": 8.775269975081327
    },
    "CB": {
      "lower": 9.395809819990838,
      "upper": 15.103464775477294
    },
    "CD1": {
      "lower": 41.69818373713,
      "upper": 56.509919494047935
    },
    "O": {
      "lower": 11.217500449054771,